Age,Gender,Weight (kg),Height (m),Max_BPM,Avg_BPM,Resting_BPM,Calories_Burned,Workout_Type,Fat_Percentage,Water_Intake (liters),BMI
56,1,88.3,1.71,180,157,60,1313.0,0,12.6,3.5,30.2
46,0,74.9,1.53,179,151,66,883.0,1,33.9,2.1,32.0
32,0,68.1,1.66,167,122,54,677.0,2,33.4,2.3,24.71
25,1,53.2,1.7,190,164,56,532.0,3,28.8,2.1,18.41
38,1,46.1,1.79,188,158,68,556.0,3,29.2,2.8,14.39
56,0,58.0,1.68,168,156,74,1116.0,1,15.5,2.7,20.55
36,1,70.3,1.72,174,169,73,1385.0,2,21.3,2.3,23.76
40,0,69.7,1.51,189,141,64,895.0,2,30.6,1.9,30.57
28,1,121.7,1.94,185,127,52,719.0,3,28.9,2.6,32.34
28,1,101.8,1.84,169,136,64,808.0,2,29.7,2.7,30.07
41,1,120.8,1.67,188,146,54,593.0,1,20.5,3.0,43.31
53,1,51.7,1.7,175,152,72,865.0,1,23.6,3.5,17.89
57,1,112.5,1.61,195,165,61,1013.0,2,22.1,2.7,43.4
41,1,94.5,2.0,179,136,69,794.0,1,27.6,3.7,23.62
20,1,117.7,1.81,196,161,54,1195.0,0,26.4,3.3,35.93
39,0,42.5,1.75,181,131,52,740.0,3,26.2,2.1,13.88
19,0,64.0,1.53,166,167,58,1111.0,1,29.8,2.3,27.34
41,0,43.8,1.77,182,165,58,884.0,2,31.9,1.6,13.98
47,0,66.8,1.75,199,146,56,742.0,3,32.8,2.5,21.81
55,0,75.2,1.67,188,167,51,1030.0,1,25.2,2.2,26.96
19,1,89.0,1.77,175,127,72,1048.0,3,28.9,3.7,28.41
38,1,71.9,1.77,197,142,72,875.0,2,25.7,3.1,22.95
50,0,71.0,1.68,187,161,70,848.0,0,33.1,2.5,25.16
29,1,120.9,1.78,197,168,65,721.0,0,28.1,3.4,38.16
39,0,64.3,1.69,190,148,58,925.0,1,26.9,1.9,22.51
42,0,63.7,1.71,173,169,62,1080.0,0,26.1,1.8,21.78
44,1,65.2,1.8,192,139,68,502.0,1,27.2,2.7,20.12
59,1,53.9,1.75,168,135,69,989.0,3,21.6,2.8,17.6
45,1,84.9,1.86,186,136,66,1104.0,1,14.2,3.5,24.54
33,0,78.0,1.68,183,135,55,871.0,1,32.3,1.8,27.64
32,1,108.2,1.8,172,138,53,964.0,1,28.4,3.5,33.4
20,0,65.4,1.52,185,127,50,654.0,0,28.0,2.2,28.31
54,0,50.2,1.61,188,157,67,1046.0,1,28.2,2.7,19.37
24,0,58.9,1.51,187,157,68,816.0,2,31.7,2.5,25.83
38,1,81.4,1.71,187,148,58,1237.0,1,10.2,3.5,27.84
26,1,127.6,1.73,167,160,62,1162.0,3,27.3,2.9,42.63
56,0,59.3,1.56,182,155,57,879.0,2,33.4,2.6,24.37
35,1,96.9,1.71,188,145,72,1069.0,3,24.2,2.9,33.14
21,1,62.6,1.81,164,150,62,1072.0,3,27.6,3.5,19.11
42,1,45.5,1.6,166,163,64,1057.0,3,21.7,2.6,17.77
31,0,48.8,1.51,195,131,60,969.0,2,28.2,2.0,21.4
26,0,44.3,1.6,186,136,61,734.0,2,34.7,2.0,17.3
43,1,113.2,1.83,161,134,63,962.0,0,29.9,2.9,33.8
19,0,60.5,1.59,184,128,53,730.0,2,30.1,2.2,23.93
37,1,124.2,1.76,168,158,50,1304.0,1,29.3,2.8,40.1
45,1,52.4,1.85,186,161,73,956.0,3,25.2,2.5,15.31
24,1,54.7,1.74,160,167,53,772.0,0,22.9,3.6,18.07
25,1,88.1,1.95,182,131,68,1016.0,2,22.7,3.0,23.17
52,0,59.7,1.71,169,151,58,836.0,3,34.3,2.0,20.42
31,0,79.7,1.54,184,144,59,742.0,2,26.7,2.3,33.61
34,0,51.0,1.62,162,158,53,1122.0,0,30.8,2.4,19.43
53,1,84.2,1.76,165,137,69,1133.0,2,12.8,3.5,27.18
57,1,122.1,1.89,165,134,58,750.0,2,27.4,3.6,34.18
21,1,96.7,1.72,161,151,62,1046.0,3,25.0,2.8,32.69
19,0,73.0,1.79,177,125,61,506.0,1,27.7,1.6,22.78
23,1,114.8,1.6,182,163,60,1318.0,2,21.7,2.7,44.84
59,0,65.5,1.52,161,162,61,1021.0,0,31.2,2.1,28.35
21,0,50.3,1.52,171,154,67,832.0,2,32.2,2.6,21.77
46,0,61.0,1.71,181,153,61,1150.0,2,17.8,2.7,20.86
35,0,44.6,1.62,196,157,65,440.0,1,32.4,2.0,16.99
43,0,58.2,1.61,179,124,54,580.0,3,26.4,2.6,22.45
51,0,44.8,1.63,198,137,69,666.0,0,33.8,2.1,16.86
27,1,87.5,1.63,183,135,74,1299.0,3,12.9,3.5,32.93
53,1,51.8,1.74,179,127,61,773.0,3,21.3,3.7,17.11
31,0,64.4,1.7,160,144,70,1418.0,3,17.3,2.7,22.28
48,0,67.1,1.61,160,151,74,421.0,2,33.4,1.5,25.89
32,1,85.9,1.6,176,145,60,1587.0,1,14.5,3.5,33.55
25,0,65.4,1.77,160,141,58,627.0,2,27.6,2.6,20.88
31,0,61.1,1.76,189,150,67,1358.0,0,18.6,2.7,19.72
40,1,106.5,1.65,162,162,74,1176.0,1,21.0,3.6,39.12
57,0,64.0,1.52,170,129,52,1004.0,3,15.2,2.7,27.7
38,0,61.4,1.54,183,131,69,963.0,1,30.6,2.7,25.89
33,0,40.5,1.63,181,147,66,786.0,0,31.9,1.5,15.24
35,1,70.1,1.79,185,125,63,743.0,2,28.0,2.3,21.88
41,1,94.1,1.62,172,139,50,777.0,2,23.4,3.1,35.86
43,1,55.5,1.82,160,124,66,663.0,3,20.1,2.0,16.76
42,0,53.7,1.72,183,142,74,875.0,2,29.8,1.6,18.15
58,0,66.1,1.75,169,128,57,363.0,2,25.2,1.8,21.58
46,1,103.9,1.77,194,148,54,864.0,0,20.9,2.9,33.16
32,0,61.7,1.58,183,135,54,1262.0,1,16.6,2.7,24.72
18,0,52.3,1.74,187,165,58,990.0,2,29.4,2.2,17.27
42,0,59.5,1.74,195,141,52,1129.0,0,16.4,2.7,19.65
24,0,72.9,1.76,175,127,68,546.0,0,30.8,1.5,23.53
26,0,76.7,1.63,199,139,72,751.0,3,25.6,1.7,28.87
41,1,72.1,1.83,175,133,58,744.0,0,21.4,2.8,21.53
18,0,54.8,1.68,176,158,71,1003.0,3,32.0,2.2,19.42
25,1,105.0,1.88,174,156,67,1150.0,2,21.4,2.3,29.71
41,0,55.0,1.55,175,169,65,1103.0,3,31.4,2.0,22.89
28,1,81.6,1.66,174,153,50,917.0,0,20.5,3.5,29.61
34,0,75.6,1.6,193,130,51,416.0,1,29.1,2.7,29.53
25,1,81.5,1.61,170,159,63,1688.0,1,10.9,3.5,31.44
52,0,61.5,1.69,160,152,63,1231.0,2,15.5,2.7,21.53
52,1,74.0,1.63,174,150,50,936.0,2,25.7,3.7,27.85
50,0,56.4,1.59,185,163,74,924.0,1,34.3,2.6,22.31
22,1,102.6,1.84,163,153,65,1052.0,3,20.5,2.7,30.3
59,0,54.6,1.57,164,169,64,441.0,2,29.2,2.3,22.15
56,1,129.0,1.78,194,126,64,805.0,0,27.1,2.7,40.71
58,1,103.5,1.66,172,168,61,1106.0,2,24.6,3.1,37.56
45,0,59.4,1.51,169,142,65,735.0,3,33.1,1.9,26.05
24,0,60.1,1.79,170,165,63,1625.0,2,15.9,2.7,18.76
26,1,77.7,1.62,177,126,73,804.0,0,29.6,3.0,29.61
25,0,41.2,1.62,193,144,64,1073.0,0,28.9,2.1,15.7
29,1,58.6,1.61,198,122,72,805.0,0,23.4,2.0,22.61
51,1,109.3,1.78,182,157,64,420.0,3,28.7,3.3,34.5
50,1,69.6,1.96,166,139,68,667.0,3,25.6,2.0,18.12
40,0,56.2,1.79,198,153,57,1369.0,0,17.6,2.7,17.54
41,1,71.7,1.96,162,168,51,424.0,0,27.3,2.5,18.66
54,1,86.0,1.93,171,163,51,1404.0,3,12.9,3.5,23.09
52,0,79.4,1.59,166,163,59,1020.0,3,26.6,1.5,31.41
57,0,78.4,1.62,185,149,52,677.0,3,31.7,2.0,29.87
39,0,55.4,1.6,192,136,72,979.0,1,26.3,1.6,21.64
44,0,61.7,1.55,196,129,66,819.0,3,33.1,2.6,25.68
52,1,85.5,1.82,174,154,57,1357.0,0,14.9,3.5,25.81
18,1,87.6,1.93,161,139,72,1315.0,1,11.9,3.5,23.52
52,1,82.4,1.72,166,137,53,685.0,3,24.4,2.7,27.85
54,1,67.0,1.68,191,164,63,446.0,0,20.5,2.8,23.74
31,0,42.3,1.6,163,163,70,888.0,2,25.1,1.9,16.52
20,1,82.7,1.99,179,146,59,1357.0,1,14.6,3.5,20.88
18,1,92.4,1.74,195,168,50,1303.0,0,21.3,3.1,30.52
22,0,63.2,1.54,191,155,53,790.0,2,29.5,2.4,26.65
43,1,82.7,1.85,187,142,50,858.0,0,28.2,3.1,24.16
31,1,86.6,1.76,172,151,66,1071.0,3,28.9,3.3,27.96
56,1,129.5,1.95,160,129,66,639.0,3,25.2,3.5,34.06
44,1,98.0,1.83,194,130,56,824.0,2,25.7,3.5,29.26
26,1,86.2,1.68,189,157,72,1701.0,3,13.3,3.5,30.54
32,1,78.6,1.62,195,125,69,880.0,0,29.6,3.1,29.95
32,0,59.0,1.66,184,160,64,408.0,2,31.0,1.8,21.41
43,0,57.3,1.79,175,166,62,1479.0,0,17.8,2.7,17.88
59,1,122.3,1.89,178,153,51,500.0,0,20.1,3.1,34.24
30,1,85.3,1.95,160,155,68,1373.0,0,10.4,3.5,22.43
49,0,45.2,1.74,164,156,73,870.0,3,30.8,2.1,14.93
56,1,55.6,1.92,181,136,62,458.0,3,29.4,3.2,15.08
49,1,82.8,1.95,183,159,73,1503.0,0,14.3,3.5,21.78
21,1,125.2,1.66,196,159,60,1207.0,1,29.8,3.4,45.43
47,0,58.5,1.79,195,131,71,837.0,0,30.3,2.4,18.26
54,1,86.1,1.95,195,140,64,811.0,0,27.9,3.4,22.64
40,0,63.5,1.61,163,159,59,1041.0,2,33.4,1.6,24.5
56,1,69.3,1.68,195,138,58,451.0,0,26.5,2.1,24.55
32,0,70.5,1.62,177,122,58,756.0,3,28.4,1.8,26.86
46,0,60.1,1.65,175,137,69,1042.0,2,17.3,2.7,22.08
53,1,94.1,1.95,177,138,50,608.0,1,28.6,3.5,24.75
30,0,79.2,1.62,181,166,66,1046.0,2,28.0,2.5,30.18
49,1,115.3,1.91,161,125,61,854.0,1,29.2,3.2,31.61
24,0,62.9,1.79,180,135,59,958.0,2,27.3,2.3,19.63
39,1,62.0,1.64,195,127,54,678.0,2,27.5,3.2,23.05
45,1,88.5,1.78,198,167,67,1265.0,1,13.2,3.5,27.93
19,0,73.9,1.77,198,137,64,877.0,3,32.5,2.6,23.59
59,1,50.3,1.95,188,167,55,885.0,3,24.4,3.4,13.23
23,1,83.1,1.8,185,162,56,624.0,3,29.3,3.1,25.65
45,0,65.1,1.78,180,158,66,1038.0,2,31.3,2.3,20.55
45,1,46.6,1.79,176,168,55,1214.0,0,22.9,2.4,14.54
37,1,103.5,1.89,175,168,57,499.0,2,26.4,3.1,28.97
47,0,61.9,1.54,190,131,61,1150.0,0,16.4,2.7,26.1
28,0,52.0,1.61,168,164,70,1082.0,0,27.9,2.0,20.06
45,1,113.4,1.71,190,129,63,530.0,3,24.0,2.3,38.78
42,1,62.9,1.98,173,126,61,886.0,0,28.5,3.4,16.04
56,0,40.4,1.8,196,165,72,913.0,2,30.0,2.1,12.47
50,0,67.1,1.75,161,120,59,362.0,2,31.8,2.7,21.91
18,1,70.0,1.61,173,168,71,1201.0,3,23.9,2.5,27.01
44,0,69.5,1.75,192,155,69,711.0,1,27.6,2.1,22.69
30,1,107.9,1.66,194,140,64,832.0,2,29.5,2.8,39.16
58,1,109.0,1.91,198,156,56,1151.0,0,26.0,2.2,29.88
20,1,101.0,1.91,179,143,58,1070.0,2,29.3,2.7,27.69
56,1,88.5,1.85,161,144,59,1119.0,2,11.0,3.5,25.86
23,1,80.9,1.8,178,126,59,1074.0,2,10.7,3.5,24.97
25,0,43.1,1.62,196,161,65,837.0,1,33.6,1.8,16.42
44,0,59.1,1.52,177,136,56,967.0,0,18.4,2.7,25.58
26,0,54.0,1.53,175,148,54,844.0,3,26.9,1.7,23.07
54,0,72.3,1.78,163,149,72,852.0,2,27.7,1.8,22.82
50,1,51.1,1.98,171,126,52,574.0,0,28.0,2.4,13.03
59,1,89.4,1.72,188,152,67,813.0,0,24.5,3.2,30.22
41,1,51.5,1.8,166,126,60,680.0,3,26.7,2.1,15.9
32,1,87.9,1.88,173,143,64,1195.0,2,11.6,3.5,24.87
49,0,42.0,1.52,171,130,70,644.0,1,28.8,2.2,18.18
49,1,79.2,1.72,194,128,69,925.0,0,29.9,3.3,26.77
41,1,64.8,1.71,164,131,54,778.0,3,22.5,2.8,22.16
58,0,63.0,1.78,176,154,73,1095.0,1,17.5,2.7,19.88
29,0,56.2,1.77,191,123,61,418.0,0,33.4,2.6,17.94
56,0,52.9,1.64,169,155,53,767.0,2,27.4,2.3,19.67
19,0,49.0,1.69,176,147,64,772.0,0,29.2,2.4,17.16
20,1,128.2,1.84,164,132,58,603.0,1,26.2,2.3,37.87
54,1,83.6,1.86,168,142,56,1082.0,1,12.4,3.5,24.16
34,0,56.2,1.77,192,138,59,1249.0,2,17.3,2.7,17.94
19,1,87.8,1.78,195,161,72,1133.0,2,23.6,3.3,27.71
19,1,85.9,1.85,195,156,62,1424.0,3,12.9,3.5,25.1
45,1,51.1,1.87,177,158,57,1126.0,2,26.2,3.4,14.61
40,0,57.4,1.71,168,143,61,1337.0,3,18.3,2.7,19.63
54,1,114.9,1.92,188,135,71,802.0,1,20.7,2.6,31.17
49,0,62.1,1.66,173,152,73,937.0,1,31.3,1.8,22.54
50,1,57.1,1.91,184,131,68,707.0,0,29.5,2.7,15.65
18,1,68.1,1.8,174,153,50,926.0,0,25.4,3.3,21.02
36,1,69.2,1.65,165,126,65,852.0,3,27.2,2.7,25.42
19,0,65.2,1.52,188,130,71,800.0,2,30.6,2.4,28.22
43,1,108.6,1.73,174,150,66,988.0,2,28.5,2.2,36.29
49,0,40.0,1.65,188,148,74,686.0,0,34.3,2.5,14.69
23,0,41.9,1.58,163,132,67,370.0,1,26.8,1.8,16.78
49,0,68.3,1.52,177,150,60,979.0,3,29.4,1.8,29.56
21,1,88.4,1.6,198,121,67,1138.0,1,12.0,3.5,34.53
28,1,66.0,1.9,175,158,56,1025.0,1,24.1,3.0,18.28
34,1,71.9,1.64,170,134,67,929.0,2,21.3,2.1,26.73
55,1,75.6,1.71,173,130,57,663.0,3,28.1,2.0,25.85
41,0,63.4,1.59,162,153,55,1267.0,1,15.2,2.7,25.08
22,0,71.6,1.77,197,158,56,1177.0,0,30.3,1.8,22.85
51,0,57.4,1.77,177,123,72,598.0,0,31.6,2.1,18.32
23,1,83.8,1.99,179,130,71,1280.0,2,11.0,3.5,21.16
39,0,55.9,1.71,184,148,59,1443.0,0,19.5,2.7,19.12
28,1,87.0,1.76,197,121,60,799.0,0,28.4,3.5,28.09
33,0,65.3,1.71,172,135,74,796.0,1,29.7,2.5,22.33
50,1,45.4,1.67,163,158,62,1071.0,0,24.1,2.8,16.28
26,1,87.1,1.87,173,132,58,1241.0,0,11.2,3.5,24.91
23,0,78.6,1.73,192,156,56,1147.0,1,32.3,1.5,26.26
33,0,78.0,1.71,187,136,58,734.0,2,26.3,2.1,26.67
46,0,58.0,1.53,196,140,62,1153.0,2,18.4,2.7,24.78
20,0,71.3,1.69,167,163,52,1043.0,3,33.4,2.3,24.96
37,1,49.1,1.74,193,138,52,842.0,0,22.3,2.6,16.22
53,0,78.3,1.65,164,126,50,703.0,1,33.7,1.6,28.76
36,0,57.3,1.64,164,157,70,887.0,3,25.3,1.8,21.3
43,0,48.4,1.61,190,127,69,732.0,2,34.1,2.4,18.67
20,1,76.4,1.62,168,132,51,980.0,2,21.2,2.6,29.11
36,1,110.2,1.77,191,156,74,1021.0,1,26.5,3.4,35.18
37,0,72.9,1.76,192,121,52,732.0,3,27.5,1.9,23.53
49,1,82.1,1.86,162,160,64,1481.0,3,14.2,3.5,23.73
24,0,58.9,1.76,189,130,73,410.0,1,30.1,1.7,19.01
58,1,82.2,1.87,171,143,55,1111.0,1,10.7,3.5,23.51
50,1,96.7,1.72,188,125,62,903.0,3,25.7,2.7,32.69
57,1,81.4,1.86,162,145,70,1292.0,2,12.0,3.5,23.53
56,1,107.8,1.73,185,126,50,680.0,0,26.6,2.8,36.02
35,0,65.8,1.62,189,158,69,790.0,2,33.8,1.5,25.07
57,0,68.5,1.56,168,138,68,900.0,1,29.1,1.6,28.15
18,0,63.9,1.59,185,125,50,1169.0,3,16.4,2.7,25.28
28,1,76.3,1.62,161,162,70,1034.0,3,20.1,2.3,29.07
45,0,44.5,1.65,162,148,71,959.0,0,30.7,1.6,16.35
42,0,50.7,1.75,163,162,51,940.0,3,29.0,1.9,16.56
40,0,55.1,1.61,184,158,64,1224.0,0,16.9,2.7,21.26
48,1,73.7,1.61,172,121,63,815.0,2,21.8,3.6,28.43
47,1,55.6,1.77,198,138,68,820.0,2,24.3,2.9,17.75
59,1,86.9,1.76,194,123,60,688.0,3,29.8,3.1,28.05
52,0,60.3,1.68,182,125,64,900.0,3,16.5,2.7,21.36
24,0,40.4,1.64,168,168,55,832.0,1,31.0,1.9,15.02
33,0,78.5,1.66,161,156,69,1006.0,1,32.8,1.9,28.49
43,1,102.6,1.72,190,147,58,597.0,3,27.5,2.0,34.68
19,1,110.8,1.91,161,149,54,1074.0,3,23.3,2.9,30.37
18,0,60.9,1.79,191,126,69,699.0,2,31.1,2.1,19.01
29,1,55.7,1.61,177,128,51,993.0,3,28.7,2.3,21.49
22,1,110.5,1.92,172,144,55,919.0,1,20.2,3.3,29.98
54,1,55.2,1.71,164,152,67,579.0,2,24.4,2.8,18.88
49,1,46.5,1.72,169,120,72,832.0,0,22.2,2.6,15.72
26,0,70.9,1.66,184,125,68,506.0,1,28.9,1.7,25.73
58,1,74.6,1.75,193,137,58,739.0,1,24.2,2.9,24.36
52,1,45.1,1.72,196,129,70,594.0,2,27.5,3.3,15.24
36,1,99.9,1.99,189,147,73,1075.0,0,20.9,2.5,25.23
33,1,117.0,1.61,166,130,55,744.0,1,25.1,2.4,45.14
20,0,75.9,1.73,165,152,63,1056.0,3,30.6,2.1,25.36
37,0,71.2,1.64,162,120,73,666.0,1,29.9,1.7,26.47
41,1,78.8,1.72,172,132,62,660.0,2,27.3,3.1,26.64
50,1,50.6,1.69,162,156,60,1012.0,2,23.8,3.0,17.72
41,1,82.5,1.79,185,139,61,1163.0,2,14.7,3.5,25.75
28,1,108.5,1.79,183,120,68,878.0,1,24.8,2.1,33.86
25,1,49.9,1.98,165,122,68,772.0,0,25.7,2.1,12.73
53,1,125.1,1.91,171,137,70,353.0,3,28.3,3.1,34.29
55,0,79.7,1.66,195,160,68,763.0,2,27.8,1.9,28.92
57,1,126.8,1.63,161,133,73,632.0,0,20.8,2.1,47.72
37,0,54.6,1.57,170,150,62,982.0,3,32.1,2.4,22.15
52,0,47.8,1.54,198,146,63,880.0,2,29.8,1.9,20.16
42,1,97.9,1.91,193,136,73,680.0,3,29.0,2.8,26.84
52,0,63.1,1.54,185,165,67,1010.0,3,34.8,1.8,26.61
42,0,72.4,1.69,177,148,61,713.0,0,29.0,2.3,25.35
46,0,58.9,1.7,180,155,53,1060.0,3,17.1,2.7,20.38
35,0,50.4,1.6,195,156,59,803.0,2,29.1,1.9,19.69
35,0,64.2,1.59,199,145,66,1182.0,0,16.6,2.7,25.39
19,0,58.8,1.77,181,136,53,952.0,1,32.8,2.7,18.77
52,1,105.2,1.62,189,141,61,949.0,1,27.6,3.2,40.09
33,0,45.9,1.5,189,144,62,662.0,0,29.8,1.7,20.4
58,0,65.2,1.63,167,121,53,610.0,1,25.4,2.0,24.54
53,0,56.3,1.79,193,141,59,964.0,3,16.5,2.7,17.57
50,1,90.0,1.7,168,124,74,497.0,2,22.9,2.7,31.14
21,0,60.0,1.7,179,123,52,1212.0,3,19.1,2.7,20.76
50,1,51.5,1.71,199,155,64,1136.0,0,20.9,2.9,17.61
31,0,63.1,1.64,184,125,51,962.0,2,19.0,2.7,23.46
38,1,91.5,1.77,178,140,74,616.0,0,26.7,3.4,29.21
37,1,48.7,1.67,164,132,74,1009.0,0,27.3,3.0,17.46
25,0,57.8,1.56,170,156,66,1053.0,0,29.3,1.6,23.75
24,0,42.0,1.75,174,144,55,598.0,3,31.8,2.3,13.71
20,1,128.4,1.92,167,145,57,502.0,2,26.1,2.0,34.83
34,0,74.2,1.57,178,158,52,1161.0,2,32.7,2.4,30.1
50,1,89.6,1.68,182,139,74,1232.0,2,12.2,3.5,31.75
29,1,125.9,2.0,186,152,67,1137.0,3,24.7,3.1,31.48
39,1,105.5,1.99,199,133,71,593.0,1,26.4,2.5,26.64
39,1,93.4,1.7,191,155,50,938.0,3,21.1,2.5,32.32
47,1,82.1,1.84,185,136,65,922.0,3,24.4,3.4,24.25
55,0,42.9,1.69,186,140,56,567.0,0,34.7,2.4,15.02
55,1,128.4,1.68,178,165,52,923.0,2,20.4,2.6,45.49
25,1,112.4,1.96,188,135,72,1054.0,2,23.2,2.5,29.26
44,0,77.7,1.79,198,165,53,1047.0,1,28.1,2.2,24.25
44,1,89.3,1.99,192,135,58,936.0,1,26.3,2.0,22.55
51,0,70.3,1.55,178,139,54,876.0,0,26.1,1.6,29.26
38,0,59.1,1.72,196,148,68,792.0,2,31.3,1.7,19.98
47,0,49.9,1.69,178,147,64,979.0,1,26.0,1.7,17.47
50,1,101.7,1.67,192,127,57,333.0,1,20.9,2.9,36.47
45,1,93.0,1.91,175,143,55,729.0,2,27.3,3.7,25.49
50,1,87.4,1.6,182,122,67,465.0,3,23.2,3.1,34.14
22,0,55.1,1.61,166,144,68,1166.0,1,19.9,2.7,21.26
36,1,123.7,1.69,185,138,73,987.0,2,20.4,2.1,43.31
21,0,61.3,1.57,191,152,64,1474.0,1,17.2,2.7,24.87
52,1,72.3,1.94,171,121,56,874.0,0,21.1,2.9,19.21
34,0,69.2,1.53,167,134,59,911.0,1,28.5,2.1,29.56
45,1,81.4,1.61,164,141,55,796.0,2,30.0,2.2,31.4
47,1,84.8,1.86,187,129,63,1181.0,1,14.4,3.5,24.51
46,1,55.1,1.72,164,137,66,970.0,0,20.5,3.6,18.62
23,0,59.0,1.78,185,141,58,1177.0,0,17.8,2.7,18.62
52,0,64.9,1.51,164,165,68,1359.0,1,18.2,2.7,28.46
58,1,109.7,1.75,181,168,54,840.0,1,22.1,2.7,35.82
54,1,78.4,1.9,174,146,72,585.0,0,21.5,3.7,21.72
41,0,76.7,1.79,172,132,56,832.0,0,34.0,2.0,23.94
46,0,63.1,1.61,187,152,68,684.0,3,34.7,2.2,24.34
48,0,62.9,1.58,192,124,69,1105.0,3,20.0,2.7,25.2
52,1,85.6,1.74,182,145,56,1321.0,0,13.9,3.5,28.27
50,0,66.3,1.57,192,132,73,742.0,1,31.6,1.6,26.9
38,1,61.3,1.97,177,146,51,1100.0,2,23.5,2.8,15.8
49,0,44.1,1.65,189,133,74,694.0,1,26.7,1.8,16.2
40,1,63.8,1.62,185,143,72,1022.0,1,20.8,3.4,24.31
50,0,55.4,1.55,175,122,65,1016.0,3,18.5,2.7,23.06
20,0,74.7,1.58,172,166,62,863.0,3,32.8,2.4,29.92
35,0,78.0,1.67,198,168,57,949.0,3,33.3,2.5,27.97
42,0,57.5,1.67,192,149,55,764.0,0,34.1,2.4,20.62
59,0,60.7,1.73,185,154,55,714.0,0,33.8,2.5,20.28
48,1,69.0,1.74,160,167,58,1223.0,1,30.0,2.3,22.79
20,0,75.8,1.78,197,133,53,944.0,1,27.4,2.0,23.92
57,0,75.7,1.63,161,131,60,407.0,2,32.6,2.3,28.49
41,0,71.2,1.64,165,147,54,939.0,1,30.9,2.3,26.47
49,1,85.0,1.68,197,163,74,1468.0,1,11.3,3.5,30.12
39,0,63.6,1.56,183,148,66,903.0,3,34.8,2.4,26.13
40,1,73.2,1.94,177,162,69,722.0,3,29.0,2.4,19.45
19,0,48.3,1.52,186,136,56,653.0,3,26.3,1.6,20.91
44,0,42.8,1.78,167,159,64,1066.0,3,25.3,2.6,13.51
59,1,88.1,1.76,187,168,74,1123.0,3,26.9,3.0,28.44
19,0,72.4,1.75,169,140,64,840.0,2,31.0,1.7,23.64
43,1,73.2,1.88,176,142,63,822.0,2,29.4,3.3,20.71
34,1,110.5,1.86,188,139,62,1086.0,2,22.3,3.6,31.94
57,0,46.1,1.76,165,130,60,842.0,3,25.8,1.7,14.88
50,1,90.8,1.71,173,153,62,810.0,0,22.6,3.4,31.05
26,0,59.3,1.51,181,129,71,1096.0,3,15.1,2.7,26.01
56,0,45.1,1.73,165,129,73,482.0,3,25.4,2.6,15.07
46,1,45.0,1.77,185,162,58,1187.0,2,29.1,3.6,14.36
59,1,89.4,1.62,198,125,59,885.0,3,23.5,3.6,34.06
43,1,127.7,1.69,171,155,53,875.0,2,24.1,2.9,44.71
52,1,70.9,1.72,194,143,66,927.0,3,20.2,2.6,23.97
42,0,49.2,1.5,173,131,63,678.0,1,27.7,1.5,21.87
41,0,62.3,1.79,181,162,73,1451.0,0,19.0,2.7,19.44
30,1,64.1,1.87,182,142,67,500.0,0,26.2,2.1,18.33
24,0,69.7,1.75,166,146,60,1029.0,2,32.5,2.0,22.76
53,0,56.9,1.59,199,164,65,1100.0,1,29.5,2.0,22.51
37,0,53.0,1.71,184,156,50,881.0,0,28.1,1.7,18.13
18,0,72.7,1.55,172,125,56,525.0,2,29.8,2.0,30.26
25,1,76.5,1.96,180,120,59,442.0,3,23.2,2.3,19.91
33,1,113.6,1.99,169,125,58,949.0,3,28.4,3.4,28.69
31,0,62.5,1.62,168,169,74,1318.0,1,16.5,2.7,23.81
29,1,95.2,1.86,174,141,52,496.0,0,26.6,2.5,27.52
40,1,51.7,1.82,161,160,71,792.0,3,21.4,3.0,15.61
32,1,105.3,1.67,184,143,72,448.0,2,26.9,2.9,37.76
45,0,71.2,1.68,172,144,63,888.0,3,34.1,1.6,25.23
51,0,78.1,1.51,193,134,74,555.0,3,31.1,2.6,34.25
19,0,50.6,1.68,193,145,64,877.0,0,30.6,2.1,17.93
49,1,70.2,1.89,194,127,51,440.0,0,29.6,2.6,19.65
40,0,62.6,1.53,197,143,73,1380.0,2,18.1,2.7,26.74
39,0,60.6,1.65,162,167,63,768.0,1,27.6,1.7,22.26
42,1,76.4,1.97,165,157,65,886.0,1,22.9,2.6,19.69
39,0,63.3,1.71,178,125,56,1175.0,3,18.5,2.7,21.65
39,0,68.6,1.64,162,154,53,1024.0,2,32.4,1.5,25.51
59,1,123.3,1.88,177,161,67,1036.0,1,23.0,2.6,34.89
23,1,107.0,1.94,198,120,73,891.0,1,23.5,2.9,28.43
32,1,68.3,1.92,168,165,54,1289.0,3,29.9,3.5,18.53
54,0,47.8,1.6,171,155,55,830.0,2,26.0,2.3,18.67
50,0,58.4,1.79,164,131,56,943.0,1,17.0,2.7,18.23
25,0,74.3,1.71,162,157,64,1123.0,0,25.6,1.6,25.41
22,1,106.8,1.82,170,130,50,715.0,0,28.2,2.3,32.24
56,1,125.5,1.8,189,131,73,817.0,3,20.9,2.7,38.73
21,0,55.2,1.55,163,161,53,1103.0,3,31.7,1.7,22.98
23,0,71.4,1.72,164,169,74,1056.0,3,25.6,1.5,24.13
49,1,77.7,1.61,160,158,50,806.0,3,26.7,3.4,29.98
47,1,88.4,1.6,186,126,60,1160.0,1,14.2,3.5,34.53
52,1,104.8,1.99,187,130,67,598.0,2,24.0,2.0,26.46
57,1,82.2,1.69,188,155,63,882.0,3,25.2,3.4,28.78
33,0,68.2,1.75,177,150,71,638.0,3,29.0,1.7,22.27
30,1,91.4,1.99,171,152,60,1145.0,1,23.0,3.7,23.08
59,0,42.1,1.65,172,132,59,725.0,3,33.0,2.2,15.46
47,0,68.7,1.76,161,137,66,845.0,3,27.7,2.4,22.18
36,0,47.2,1.74,196,160,53,1200.0,2,32.2,1.6,15.59
34,1,92.0,1.76,175,143,73,574.0,0,22.1,3.5,29.7
36,1,56.2,1.95,183,128,64,767.0,3,22.5,3.4,14.78
45,1,58.4,1.72,194,150,65,973.0,1,23.4,3.1,19.74
43,1,82.9,1.95,181,160,70,1505.0,2,12.9,3.5,21.8
54,0,66.9,1.74,195,129,62,720.0,1,29.5,2.1,22.1
43,1,66.3,1.85,170,121,58,707.0,2,27.5,3.2,19.37
40,1,93.6,1.93,188,157,60,1192.0,2,22.1,2.0,25.13
26,0,64.1,1.5,194,134,60,1293.0,3,15.1,2.7,28.49
29,1,86.7,1.62,174,122,55,1020.0,3,13.9,3.5,33.04
18,0,62.0,1.59,190,162,50,996.0,3,33.2,2.2,24.52
18,0,58.1,1.61,175,150,71,1425.0,0,15.3,2.7,22.41
51,0,64.9,1.6,169,125,55,838.0,0,31.1,2.5,25.35
49,0,69.3,1.62,191,122,62,626.0,1,28.8,1.9,26.41
42,0,42.7,1.74,161,130,71,608.0,3,32.9,1.6,14.1
57,0,51.4,1.63,183,134,73,724.0,0,33.7,2.0,19.35
18,0,67.4,1.6,182,164,71,492.0,3,33.5,2.4,26.33
33,0,55.6,1.61,161,147,54,1301.0,0,18.9,2.7,21.45
56,1,125.3,1.86,197,129,64,639.0,0,22.7,2.2,36.22
22,1,102.1,1.85,190,157,67,1278.0,2,28.1,2.4,29.83
39,1,61.9,1.77,199,166,69,1205.0,3,25.3,2.3,19.76
46,1,108.8,1.64,185,169,63,1171.0,3,20.5,3.4,40.45
20,0,51.1,1.58,188,169,64,422.0,0,29.6,1.6,20.47
29,1,81.7,1.99,162,126,54,1005.0,3,29.4,3.2,20.63
43,0,42.7,1.66,173,134,53,440.0,0,33.9,1.9,15.5
33,1,81.8,1.99,184,137,51,1198.0,3,10.5,3.5,20.66
54,1,54.6,1.76,160,137,56,868.0,2,27.4,3.3,17.63
39,1,107.7,1.88,162,160,59,634.0,3,28.1,3.6,30.47
46,0,56.9,1.6,185,143,65,566.0,2,27.7,1.6,22.23
31,1,78.8,1.71,177,121,59,992.0,1,24.7,2.5,26.95
45,0,48.2,1.64,168,159,67,894.0,3,32.1,2.5,17.92
22,0,50.7,1.59,197,139,66,883.0,3,29.4,1.8,20.05
47,1,86.6,1.99,182,153,70,1500.0,3,10.6,3.5,21.87
22,1,96.3,1.63,180,162,62,1203.0,2,27.1,2.4,36.25
29,1,80.8,1.98,160,145,50,1316.0,3,14.6,3.5,20.61
33,0,58.0,1.53,180,126,50,1159.0,3,18.3,2.7,24.78
43,1,95.9,1.85,186,157,64,995.0,0,27.7,3.4,28.02
43,0,61.5,1.58,165,149,50,1247.0,1,16.8,2.7,24.64
38,0,40.6,1.79,195,161,55,499.0,2,26.8,2.7,12.67
56,1,82.5,1.87,187,124,74,927.0,0,13.2,3.5,23.59
53,1,105.1,1.84,176,130,62,444.0,2,23.3,2.9,31.04
50,0,58.1,1.58,199,120,50,1042.0,0,19.3,2.7,23.27
47,0,61.0,1.76,162,153,54,1060.0,1,15.6,2.7,19.69
54,0,64.5,1.53,171,120,58,940.0,0,17.2,2.7,27.55
40,1,58.2,1.98,198,138,74,1085.0,2,24.0,2.5,14.85
27,0,69.5,1.76,171,121,66,569.0,3,34.4,2.0,22.44
22,1,62.2,1.84,161,140,65,393.0,3,21.5,2.3,18.37
53,0,68.0,1.7,181,139,57,663.0,1,25.1,2.4,23.53
51,0,56.3,1.5,182,142,66,914.0,2,27.4,2.4,25.02
48,1,94.5,1.7,189,140,64,700.0,2,28.2,3.5,32.7
27,0,58.0,1.79,164,143,73,994.0,2,27.1,1.5,18.1
36,1,84.0,1.94,168,123,50,1218.0,1,11.2,3.5,22.32
49,1,61.0,1.87,180,131,61,739.0,3,21.3,3.0,17.44
18,0,64.8,1.53,170,141,54,1396.0,0,18.6,2.7,27.68
22,1,45.7,1.77,164,139,73,795.0,1,20.7,2.4,14.59
21,1,80.9,1.9,194,137,55,1356.0,0,11.7,3.5,22.41
33,0,64.1,1.63,186,120,74,948.0,3,16.4,2.7,24.13
41,1,67.0,1.77,161,149,50,900.0,1,25.6,2.6,21.39
33,1,106.5,1.6,183,152,74,1170.0,3,27.3,3.3,41.6
19,1,95.1,1.85,190,143,50,952.0,0,25.3,2.3,27.79
45,0,65.5,1.57,192,133,59,395.0,2,34.3,2.3,26.57
49,1,105.7,1.64,198,155,59,921.0,2,29.5,3.1,39.3
44,0,48.0,1.76,189,124,52,491.0,0,28.6,2.6,15.5
37,0,69.5,1.5,196,130,66,448.0,2,32.8,2.4,30.89
41,1,66.1,1.69,187,143,68,545.0,0,27.4,3.4,23.14
29,1,68.0,1.7,190,150,60,627.0,1,28.9,2.9,23.53
52,1,50.3,1.78,170,132,67,555.0,1,24.5,2.3,15.88
50,0,69.3,1.68,182,135,51,729.0,1,30.3,2.0,24.55
50,1,86.7,1.63,161,143,58,1203.0,2,12.1,3.5,32.63
54,1,125.9,1.94,199,132,73,882.0,3,28.5,2.9,33.45
29,1,88.1,1.93,186,143,66,1479.0,2,11.1,3.5,23.65
20,1,124.3,1.82,194,145,63,997.0,2,22.4,3.2,37.53
18,1,62.0,1.85,161,121,53,586.0,3,23.7,3.0,18.12
50,0,69.7,1.72,198,135,66,753.0,3,27.3,2.0,23.56
57,0,60.9,1.52,196,157,66,926.0,3,30.6,1.8,26.36
27,1,76.5,1.97,180,165,61,1025.0,3,21.3,2.3,19.71
46,1,94.7,1.82,164,120,69,873.0,2,23.2,3.2,28.59
30,1,67.9,1.75,180,168,67,1155.0,0,29.1,3.1,22.17
29,1,121.1,1.87,188,130,52,937.0,1,24.1,3.2,34.63
48,0,71.5,1.64,179,154,60,1012.0,0,32.5,1.9,26.58
19,1,98.6,1.7,197,162,74,740.0,2,21.1,2.4,34.12
52,0,68.2,1.63,179,148,67,779.0,3,27.5,2.4,25.67
40,0,57.7,1.69,184,156,53,920.0,1,33.1,2.4,20.2
34,1,124.6,1.63,161,136,66,1055.0,1,27.6,2.8,46.9
43,0,73.0,1.59,191,158,67,931.0,0,28.9,2.2,28.88
25,0,59.4,1.51,185,161,54,1304.0,2,19.8,2.7,26.05
46,0,52.0,1.65,165,147,63,463.0,2,34.1,1.9,19.1
43,0,42.2,1.65,162,148,59,886.0,2,34.6,2.3,15.5
27,1,89.3,1.64,192,162,64,1622.0,1,12.1,3.5,33.2
43,1,110.0,1.76,160,122,50,658.0,0,22.0,3.4,35.51
51,0,66.2,1.58,164,129,65,499.0,1,31.3,2.3,26.52
58,1,58.6,1.66,172,161,60,964.0,1,26.8,2.9,21.27
24,1,51.0,1.67,178,133,72,710.0,3,21.3,2.8,18.29
21,1,101.5,1.95,171,131,69,699.0,0,27.9,3.1,26.69
28,1,114.2,1.87,184,166,55,959.0,3,20.2,3.2,32.66
46,1,54.4,1.72,194,161,73,725.0,2,24.8,2.9,18.39
53,0,52.4,1.57,171,149,71,898.0,1,28.3,2.2,21.26
42,1,85.2,1.81,189,151,65,1151.0,0,13.7,3.5,26.01
38,1,83.6,1.74,164,151,51,1379.0,2,11.6,3.5,27.61
53,1,115.4,1.92,193,161,50,1084.0,0,28.3,2.2,31.3
27,1,71.2,1.97,181,151,73,615.0,1,25.9,3.6,18.35
54,0,78.1,1.6,198,145,73,718.0,0,32.9,2.4,30.51
26,0,54.2,1.65,172,120,58,642.0,2,34.9,1.9,19.91
41,0,77.6,1.76,162,161,71,920.0,3,31.8,2.2,25.05
52,0,44.1,1.62,179,121,61,768.0,1,34.8,1.6,16.8
52,1,85.5,1.8,190,136,66,1144.0,3,10.1,3.5,26.39
53,0,47.8,1.76,164,149,74,711.0,1,28.4,1.5,15.43
35,1,102.5,1.94,183,158,64,730.0,2,21.1,2.4,27.23
56,1,118.0,1.9,199,126,68,412.0,1,22.6,3.2,32.69
49,1,82.3,1.84,192,146,71,932.0,3,28.4,3.4,24.31
41,1,81.6,1.87,167,128,59,1185.0,1,10.2,3.5,23.33
40,1,60.2,1.88,183,141,61,946.0,2,25.2,3.0,17.03
49,0,49.2,1.54,179,153,63,881.0,1,30.7,2.1,20.75
54,0,46.6,1.5,175,165,58,1025.0,3,30.6,2.0,20.71
29,0,68.7,1.72,171,168,62,907.0,2,29.8,1.7,23.22
30,0,60.6,1.55,172,120,52,780.0,3,32.9,1.6,25.22
40,1,52.1,1.61,198,128,70,612.0,1,21.3,3.3,20.1
42,0,46.6,1.77,184,139,63,382.0,0,28.1,2.6,14.87
52,1,65.5,1.74,191,138,70,1011.0,3,26.2,2.8,21.63
58,0,44.2,1.57,183,155,59,753.0,1,31.9,2.3,17.93
47,1,89.1,1.84,168,159,65,1133.0,0,24.0,3.6,26.32
34,1,65.9,1.62,199,164,56,731.0,0,28.8,2.2,25.11
37,0,55.6,1.57,182,123,53,597.0,2,29.2,2.4,22.56
42,1,63.7,1.98,172,128,69,868.0,0,24.0,3.0,16.25
39,1,86.2,1.82,191,160,72,1725.0,3,10.2,3.5,26.02
30,0,59.2,1.63,174,141,74,1304.0,3,17.8,2.7,22.28
36,1,85.4,1.88,195,137,60,1492.0,0,13.5,3.5,24.16
53,0,68.1,1.55,164,131,65,831.0,1,26.1,2.2,28.35
29,0,60.0,1.62,181,161,69,684.0,3,28.1,1.9,22.86
58,0,74.8,1.69,175,162,53,933.0,3,32.8,2.3,26.19
36,1,90.3,1.65,169,158,71,1199.0,2,23.7,3.4,33.17
29,1,86.1,1.65,183,128,71,1169.0,1,11.2,3.5,31.63
26,1,73.7,1.66,177,125,72,639.0,0,26.7,2.2,26.75
24,0,67.7,1.56,177,138,66,980.0,1,27.0,2.1,27.82
45,1,78.3,1.96,166,167,62,1066.0,2,29.0,2.2,20.38
31,0,48.2,1.65,163,166,60,913.0,2,26.1,2.5,17.7
48,0,56.8,1.51,185,126,52,777.0,1,32.1,2.1,24.91
36,1,112.4,1.63,164,135,58,757.0,2,25.0,3.4,42.3
33,0,59.0,1.67,175,124,55,558.0,2,33.7,1.9,21.16
22,1,98.4,1.88,194,135,71,386.0,2,21.3,2.2,27.84
52,1,66.5,1.6,185,120,70,796.0,1,26.8,2.1,25.98
29,1,106.5,1.81,177,156,60,1107.0,2,25.7,2.5,32.51
42,1,88.4,1.93,188,158,65,1314.0,0,12.4,3.5,23.73
38,1,88.4,1.79,182,138,68,1321.0,0,12.5,3.5,27.59
53,0,53.3,1.74,173,156,54,962.0,3,32.2,1.8,17.6
40,0,58.1,1.56,174,136,63,415.0,0,34.4,2.2,23.87
33,0,74.2,1.76,192,145,66,834.0,3,25.9,1.5,23.95
56,1,84.6,1.63,184,141,52,705.0,1,20.2,2.9,31.84
59,1,78.0,1.92,180,127,53,453.0,2,28.1,2.7,21.16
56,1,89.0,1.68,176,152,65,1332.0,0,10.5,3.5,31.53
31,0,42.7,1.76,182,121,65,883.0,3,34.9,2.2,13.78
48,1,83.9,1.82,176,149,70,1401.0,1,13.1,3.5,25.33
22,0,78.7,1.52,173,166,74,1204.0,3,31.5,2.3,34.06
52,0,65.9,1.52,188,139,53,794.0,2,27.0,2.3,28.52
40,1,76.9,1.92,179,137,68,851.0,0,22.4,3.7,20.86
46,1,84.3,2.0,189,162,66,1467.0,1,13.3,3.5,21.07
28,0,62.4,1.6,178,129,62,710.0,3,34.1,1.7,24.37
35,1,63.7,1.74,198,143,71,810.0,1,29.8,2.7,21.04
29,0,54.9,1.52,172,123,72,910.0,3,27.0,2.0,23.76
26,1,76.4,1.79,177,156,73,1004.0,3,21.3,2.7,23.84
27,1,106.4,1.86,182,123,50,907.0,2,20.6,3.1,30.76
34,0,68.4,1.5,192,132,61,904.0,2,33.7,2.1,30.4
55,1,63.5,1.86,198,144,53,969.0,3,22.9,2.9,18.35
24,0,59.4,1.5,199,132,60,825.0,0,25.0,2.0,26.4
30,1,113.4,1.91,177,137,54,957.0,1,22.2,3.7,31.08
57,0,61.9,1.52,168,143,51,592.0,1,28.4,2.6,26.79
59,0,70.7,1.68,192,121,66,637.0,2,34.9,1.9,25.05
26,1,111.5,1.9,191,167,57,937.0,0,25.2,2.2,30.89
44,0,72.1,1.66,176,152,55,958.0,3,27.0,2.5,26.16
19,1,56.9,1.87,178,138,70,463.0,2,23.3,3.7,16.27
22,1,86.2,1.9,186,128,58,1345.0,3,11.7,3.5,23.88
46,1,59.4,1.68,165,147,62,844.0,3,20.2,2.5,21.05
54,0,75.6,1.72,194,154,60,672.0,2,26.4,1.9,25.55
55,0,76.3,1.73,196,158,65,768.0,0,32.0,2.6,25.49
36,1,95.8,1.86,193,129,65,972.0,1,21.2,3.2,27.69
25,1,120.6,1.83,179,120,51,686.0,2,22.3,2.5,36.01
18,0,65.3,1.55,184,161,59,1143.0,0,28.5,2.2,27.18
39,1,85.3,1.89,163,140,61,593.0,3,27.6,3.6,23.88
34,1,68.0,1.68,169,128,57,472.0,2,25.8,3.4,24.09
24,0,52.6,1.57,169,166,60,1071.0,1,31.9,2.4,21.34
42,1,63.3,1.77,183,134,59,876.0,1,25.7,3.3,20.2
21,0,76.3,1.65,180,154,62,878.0,3,31.8,1.7,28.03
53,1,61.0,1.63,170,124,74,331.0,2,20.0,3.4,22.96
23,0,67.8,1.61,186,160,66,1072.0,1,34.3,1.8,26.16
48,1,114.9,1.86,175,141,56,949.0,2,21.1,3.6,33.21
36,1,88.0,1.71,185,160,73,1646.0,1,12.0,3.5,30.09
56,0,67.7,1.58,189,142,52,927.0,3,32.7,1.9,27.12
44,1,124.8,1.85,175,126,69,842.0,3,24.4,3.5,36.46
27,0,53.0,1.58,166,142,62,895.0,2,34.5,1.8,21.23
43,1,61.2,1.88,175,163,68,831.0,0,24.7,2.9,17.32
36,0,48.7,1.68,194,144,56,886.0,0,33.7,1.6,17.25
56,0,50.6,1.7,175,146,58,848.0,3,33.1,2.3,17.51
20,0,72.6,1.73,199,160,68,1016.0,1,34.8,2.5,24.26
30,0,70.4,1.56,171,125,62,644.0,0,34.3,2.4,28.93
45,1,52.5,1.88,194,153,71,818.0,3,29.0,2.9,14.85
37,1,76.3,1.77,180,128,57,957.0,1,27.3,2.1,24.35
45,0,41.2,1.58,195,168,71,1111.0,1,28.7,2.6,16.5
25,0,55.3,1.76,176,152,67,1186.0,0,15.5,2.7,17.85
58,0,49.7,1.67,191,125,72,776.0,3,31.9,2.3,17.82
56,1,48.3,1.87,165,156,51,525.0,1,29.8,3.3,13.81
18,1,83.2,1.96,183,150,67,1510.0,1,13.6,3.5,21.66
20,1,120.5,1.73,186,153,67,850.0,2,29.3,3.4,40.26
30,1,121.6,2.0,179,160,60,1091.0,2,28.0,3.3,30.4
45,0,73.0,1.75,184,148,50,759.0,0,26.6,2.0,23.84
42,0,57.5,1.67,161,133,63,1053.0,2,16.2,2.7,20.62
50,0,42.7,1.53,168,155,65,983.0,3,28.4,2.4,18.24
55,1,129.9,1.73,187,155,60,529.0,0,21.7,3.1,43.4
23,1,108.6,1.92,197,134,50,656.0,0,25.8,3.5,29.46
49,1,88.6,2.0,162,127,56,1150.0,2,14.9,3.5,22.15
38,0,49.7,1.51,179,145,65,906.0,1,32.6,2.5,21.8
33,0,56.4,1.54,165,155,63,822.0,3,29.2,1.5,23.78
38,1,46.9,1.74,198,167,64,946.0,3,20.0,2.6,15.49
28,0,71.3,1.67,192,140,63,1022.0,3,28.1,1.5,25.57
54,1,71.6,1.86,160,147,70,830.0,0,25.3,2.2,20.7
53,1,82.3,1.61,196,123,60,1139.0,3,11.6,3.5,31.75
52,0,70.6,1.69,165,135,65,826.0,1,26.1,2.2,24.72
36,1,109.8,1.62,193,141,68,651.0,1,24.4,3.5,41.84
37,0,73.5,1.69,174,131,66,354.0,2,27.5,1.6,25.73
35,1,85.6,1.85,185,135,55,1322.0,3,14.5,3.5,25.01
58,0,74.6,1.68,173,159,60,737.0,0,26.0,2.0,26.43
31,0,63.2,1.8,166,157,66,463.0,2,25.5,2.6,19.51
32,0,62.6,1.63,190,161,58,1344.0,1,15.0,2.7,23.56
48,1,87.1,1.76,183,156,67,1398.0,3,11.6,3.5,28.12
18,1,82.3,1.84,190,148,66,1408.0,1,13.3,3.5,24.31
20,0,64.3,1.78,188,137,61,1171.0,2,18.7,2.7,20.29
33,0,53.7,1.66,191,129,72,806.0,1,29.5,2.5,19.49
40,1,63.0,2.0,176,161,71,1257.0,3,26.8,2.9,15.75
28,1,128.4,1.86,173,158,71,921.0,3,23.6,3.3,37.11
29,1,88.0,1.89,199,137,54,1319.0,2,13.3,3.5,24.64
27,0,63.7,1.52,195,120,60,714.0,3,25.4,2.1,27.57
49,1,83.7,1.87,183,158,53,1009.0,1,23.9,2.3,23.94
33,1,102.6,1.75,186,140,53,1078.0,1,27.9,2.2,33.5
25,0,77.7,1.55,184,120,52,330.0,0,33.0,1.7,32.34
55,1,87.5,1.88,191,134,73,789.0,0,27.2,2.6,24.76
29,1,87.0,1.86,177,123,72,1028.0,0,11.0,3.5,25.15
41,1,82.8,1.66,177,139,74,1355.0,1,11.2,3.5,30.05
45,0,65.4,1.68,196,129,66,441.0,1,35.0,2.6,23.17
25,0,47.2,1.71,185,142,56,632.0,2,26.0,2.5,16.14
45,0,58.2,1.7,168,160,53,684.0,0,26.8,2.0,20.14
53,0,73.5,1.55,194,153,72,806.0,1,26.3,2.1,30.59
43,0,55.2,1.73,167,165,62,1240.0,2,16.6,2.7,18.44
25,0,64.4,1.71,179,167,61,935.0,1,27.1,1.8,22.02
45,0,73.5,1.74,181,152,50,807.0,2,30.0,2.3,24.28
45,1,89.6,1.81,178,153,70,1287.0,0,12.4,3.5,27.35
54,1,86.5,1.76,189,158,68,1158.0,0,29.0,3.4,27.92
58,0,46.1,1.67,187,129,70,743.0,0,25.3,1.8,16.53
53,1,68.5,1.97,194,139,69,894.0,1,23.2,2.1,17.65
44,1,94.6,1.84,170,120,67,748.0,1,26.0,3.1,27.94
34,0,54.2,1.52,190,132,60,746.0,2,31.0,2.2,23.46
26,1,47.7,1.77,198,120,69,759.0,3,24.8,2.7,15.23
50,1,52.2,1.84,195,124,52,847.0,3,28.2,3.1,15.42
37,1,88.8,1.95,189,135,66,1173.0,0,10.3,3.5,23.35
30,1,101.0,1.68,182,134,61,1076.0,3,28.2,2.9,35.79
45,1,118.4,1.95,178,168,59,881.0,0,24.9,2.4,31.14
46,0,47.9,1.72,171,147,57,933.0,2,26.3,2.0,16.19
30,0,51.5,1.74,174,150,64,810.0,3,33.9,2.0,17.01
52,0,79.9,1.51,190,142,54,479.0,3,31.5,2.6,35.04
23,1,121.3,1.85,196,167,53,661.0,0,21.6,3.6,35.44
35,0,78.9,1.64,196,164,70,1050.0,2,25.3,2.6,29.34
22,1,88.5,1.62,174,162,69,1675.0,3,10.7,3.5,33.72
42,1,73.5,1.63,188,136,68,350.0,3,26.1,3.2,27.66
19,1,127.9,1.93,185,168,70,1173.0,3,21.8,3.0,34.34
27,1,88.5,1.98,161,153,53,1515.0,2,11.1,3.5,22.57
47,0,43.4,1.62,179,132,64,303.0,2,25.3,2.3,16.54
22,0,42.8,1.56,174,133,66,978.0,3,32.2,2.6,17.59
50,1,64.5,1.79,163,130,61,753.0,0,28.1,2.4,20.13
18,0,50.7,1.53,181,147,52,948.0,0,33.0,2.1,21.66
35,1,59.2,1.66,197,161,59,1151.0,3,21.3,3.2,21.48
49,0,78.9,1.73,182,151,64,938.0,2,34.0,2.3,26.36
28,0,78.7,1.63,185,154,59,847.0,3,31.7,1.8,29.62
38,1,68.7,1.92,170,150,73,1081.0,2,29.0,3.0,18.64
43,0,53.1,1.59,187,136,72,502.0,3,29.5,2.5,21.0
42,1,64.8,1.65,161,166,67,904.0,2,24.4,2.8,23.8
39,0,50.3,1.61,167,128,50,749.0,1,32.8,2.5,19.41
44,1,102.3,1.63,188,129,52,856.0,0,20.9,2.6,38.5
30,1,62.9,1.92,170,127,70,789.0,1,25.2,3.6,17.06
50,0,56.5,1.6,196,140,61,1184.0,0,19.2,2.7,22.07
51,0,74.6,1.55,177,132,50,422.0,2,33.3,2.1,31.05
58,1,52.0,1.79,173,169,52,937.0,1,29.6,3.0,16.23
52,0,52.1,1.67,169,124,52,837.0,0,32.0,1.5,18.68
18,0,72.2,1.54,194,125,54,606.0,3,27.1,1.7,30.44
38,1,85.8,1.8,168,149,68,1410.0,2,10.1,3.5,26.48
23,1,81.4,1.85,194,150,74,1320.0,2,12.4,3.5,23.78
45,0,50.9,1.65,170,136,50,887.0,3,30.1,2.3,18.7
34,1,52.0,1.78,171,130,53,987.0,3,22.4,2.7,16.41
22,1,71.0,1.93,162,139,53,1086.0,0,21.2,2.9,19.06
48,1,80.6,1.77,198,167,66,1248.0,2,12.9,3.5,25.73
22,0,58.3,1.72,173,128,63,640.0,0,32.6,1.6,19.71
55,0,63.0,1.7,187,121,67,719.0,3,34.9,2.5,21.8
20,1,111.0,1.94,170,156,50,875.0,2,27.6,3.3,29.49
40,0,52.6,1.66,198,120,71,762.0,3,32.9,1.7,19.09
54,1,116.4,2.0,184,123,65,688.0,0,26.2,3.1,29.1
54,0,75.6,1.61,180,155,52,983.0,0,34.9,2.5,29.17
27,1,61.6,1.8,169,144,72,1172.0,0,26.4,3.1,19.01
27,1,108.0,1.8,174,122,70,926.0,2,28.6,2.5,33.33
36,0,59.3,1.75,178,128,58,634.0,3,34.5,2.3,19.36
34,1,75.7,1.94,181,141,72,915.0,3,29.3,2.4,20.11
38,0,56.3,1.6,180,142,53,859.0,0,28.8,1.9,21.99
31,0,58.2,1.73,191,131,70,766.0,0,25.8,1.8,19.45
26,1,55.7,1.68,182,129,54,802.0,0,21.7,2.9,19.73
18,1,125.9,1.67,172,153,60,1229.0,0,20.6,2.2,45.14
30,0,62.7,1.67,164,162,70,826.0,1,26.1,2.6,22.48
21,1,86.6,1.86,163,129,58,972.0,1,21.8,2.6,25.03
18,1,64.5,1.82,187,149,52,983.0,1,23.4,2.4,19.47
57,1,76.6,1.86,173,141,55,796.0,0,25.4,2.8,22.14
49,1,81.4,1.83,167,125,73,1225.0,0,13.6,3.5,24.31
51,1,60.7,1.71,168,169,60,954.0,3,22.1,2.5,20.76
45,0,57.2,1.55,194,121,58,909.0,2,18.4,2.7,23.81
48,0,73.0,1.59,196,149,64,798.0,3,32.0,2.1,28.88
25,1,123.8,1.99,180,121,72,752.0,1,25.6,2.6,31.26
56,1,93.6,1.66,177,151,52,1024.0,3,29.0,2.2,33.97
43,1,76.8,1.92,192,161,50,988.0,0,21.1,2.5,20.83
51,0,54.7,1.53,167,135,69,674.0,1,26.8,2.0,23.37
20,1,92.3,1.94,176,131,71,821.0,1,24.3,2.1,24.52
29,0,71.8,1.55,190,120,68,720.0,2,26.3,2.4,29.89
18,0,66.9,1.57,193,127,63,679.0,2,30.7,2.2,27.14
22,0,48.7,1.76,165,167,66,1144.0,1,29.0,2.2,15.72
47,1,66.2,1.71,181,169,71,1188.0,1,22.8,2.9,22.64
47,0,40.0,1.76,173,132,63,475.0,3,26.7,2.2,12.91
34,1,112.4,1.85,162,134,66,870.0,1,23.4,3.6,32.84
40,0,70.0,1.55,171,163,74,693.0,0,31.1,1.5,29.14
32,1,84.0,1.74,195,127,63,1013.0,3,25.8,2.1,27.74
54,0,43.8,1.65,171,129,61,749.0,0,26.6,1.7,16.09
38,1,123.3,1.62,161,165,65,1216.0,0,21.2,2.3,46.98
31,0,57.9,1.56,161,124,50,1116.0,0,15.1,2.7,23.79
19,1,82.4,1.96,174,169,62,1766.0,1,10.1,3.5,21.45
28,1,84.8,1.79,182,138,55,1025.0,2,28.8,2.3,26.47
56,1,109.6,1.66,188,166,66,1060.0,2,20.5,3.1,39.77
55,1,86.4,1.77,176,157,61,777.0,0,27.3,2.8,27.58
51,0,63.9,1.8,191,130,72,626.0,1,33.7,2.7,19.72
55,0,70.8,1.62,166,162,68,394.0,3,26.0,1.8,26.98
51,1,115.3,1.67,189,139,55,950.0,0,24.4,2.5,41.34
35,0,55.3,1.56,187,139,56,1188.0,3,19.8,2.7,22.72
47,1,73.9,1.8,173,140,50,942.0,3,28.3,3.7,22.81
32,1,97.3,1.96,189,137,50,1025.0,1,24.9,3.4,25.33
44,0,60.4,1.65,176,169,54,966.0,1,32.6,2.1,22.19
51,1,49.3,1.61,191,129,55,868.0,2,28.3,2.9,19.02
55,1,91.8,1.78,165,153,65,1091.0,2,23.5,3.4,28.97
50,0,73.6,1.55,183,145,74,581.0,1,33.9,2.1,30.63
41,1,47.1,1.78,165,149,65,929.0,0,24.7,2.4,14.87
32,1,65.2,1.62,186,128,63,408.0,2,25.3,3.4,24.84
47,1,87.2,1.64,177,165,50,1634.0,3,15.0,3.5,32.42
59,1,96.7,1.71,183,150,62,423.0,0,28.4,2.9,33.07
34,0,46.9,1.61,196,161,69,821.0,3,28.6,1.7,18.09
22,0,72.1,1.62,183,123,59,849.0,1,25.1,2.1,27.47
46,0,62.5,1.54,197,125,73,906.0,3,18.1,2.7,26.35
21,1,110.7,1.69,193,133,59,775.0,0,27.0,2.7,38.76
27,1,102.6,1.83,199,123,58,954.0,1,26.5,3.5,30.64
34,0,64.3,1.62,174,145,62,1276.0,0,19.8,2.7,24.5
27,1,80.7,1.61,170,166,52,1598.0,3,14.3,3.5,31.13
34,1,115.3,1.81,181,167,67,1249.0,0,24.5,2.2,35.19
37,1,87.8,1.69,183,158,69,1573.0,1,10.3,3.5,30.74
41,1,74.3,1.61,160,136,51,714.0,3,24.8,3.5,28.66
22,0,78.5,1.7,177,138,66,938.0,3,31.9,2.1,27.16
51,0,77.3,1.58,171,168,68,733.0,2,31.1,2.0,30.96
23,0,64.5,1.7,187,125,72,319.0,2,30.4,1.7,22.32
19,1,72.0,1.94,199,148,62,952.0,0,24.7,3.2,19.13
30,0,77.9,1.77,166,130,62,916.0,2,27.9,2.6,24.87
28,0,69.6,1.58,182,135,50,1006.0,2,27.8,2.0,27.88
40,1,68.9,1.99,180,149,51,951.0,2,25.0,2.4,17.4
33,1,45.9,1.89,193,144,50,1148.0,2,21.6,2.9,12.85
48,0,68.2,1.69,170,159,73,537.0,1,28.4,2.5,23.88
28,0,79.6,1.59,181,130,54,968.0,1,28.2,1.5,31.49
33,0,53.6,1.52,194,126,73,643.0,2,30.9,2.3,23.2
25,0,57.7,1.58,188,145,52,986.0,0,25.7,2.2,23.11
21,1,74.2,1.93,187,141,56,1024.0,1,28.3,2.5,19.92
57,0,64.4,1.56,177,144,73,985.0,2,17.8,2.7,26.46
21,0,54.9,1.78,173,138,71,380.0,1,31.7,2.0,17.33
42,1,50.3,1.64,177,150,62,468.0,3,27.0,2.4,18.7
20,0,46.5,1.68,187,145,72,660.0,1,27.9,2.4,16.48
49,1,57.8,1.99,183,161,67,741.0,1,24.7,3.1,14.6
20,1,83.0,1.8,167,160,73,695.0,0,29.6,2.9,25.62
44,1,82.5,1.79,167,155,70,1159.0,1,13.8,3.5,25.75
46,0,66.5,1.73,163,142,56,709.0,0,34.7,2.0,22.22
49,0,70.2,1.67,186,166,50,695.0,3,32.5,1.8,25.17
36,1,121.9,1.93,195,132,54,1082.0,2,21.8,3.4,32.73
38,0,70.3,1.52,164,144,66,857.0,0,25.6,2.0,30.43
22,0,40.3,1.56,192,121,57,877.0,1,30.8,2.1,16.56
35,1,101.4,1.76,193,121,64,559.0,1,23.6,2.9,32.74
45,1,79.2,1.95,189,135,69,982.0,0,22.8,2.8,20.83
59,0,75.8,1.77,167,128,53,841.0,3,33.1,1.8,24.19
39,1,71.7,1.88,198,147,51,445.0,2,23.7,2.2,20.29
38,0,57.7,1.56,185,132,54,1082.0,1,16.6,2.7,23.71
23,0,47.4,1.6,196,154,50,585.0,3,33.5,1.6,18.52
18,0,57.2,1.75,193,160,74,1032.0,2,33.5,2.4,18.68
22,0,44.8,1.72,166,132,54,977.0,2,28.6,1.8,15.14
58,1,90.2,1.72,199,150,55,668.0,1,28.3,2.1,30.49
29,1,84.9,1.72,187,140,51,1378.0,0,14.3,3.5,28.7
43,1,95.7,1.77,198,151,50,807.0,1,24.2,3.4,30.55
51,1,59.0,1.65,198,153,53,924.0,1,20.7,2.3,21.67
31,0,60.5,1.77,187,127,56,1092.0,1,15.0,2.7,19.31
43,0,53.8,1.72,173,160,71,742.0,3,30.2,2.3,18.19
44,1,86.6,1.97,197,167,50,1372.0,0,11.7,3.5,22.31
26,0,72.8,1.67,163,121,50,829.0,3,35.0,1.9,26.1
43,0,66.3,1.77,177,157,57,1046.0,1,32.7,1.7,21.16
39,0,56.0,1.6,184,151,69,672.0,0,32.6,2.0,21.87
47,1,45.9,1.93,166,159,65,1015.0,2,29.6,2.0,12.32
34,1,88.0,1.64,197,147,70,1536.0,0,14.4,3.5,32.72
43,1,94.0,1.79,187,156,62,1012.0,1,23.2,3.4,29.34
53,0,44.7,1.79,164,160,72,965.0,0,26.7,2.1,13.95
18,1,63.2,1.63,162,120,73,436.0,2,27.5,2.2,23.79
25,1,95.6,1.9,190,160,72,1294.0,2,23.8,2.4,26.48
52,1,47.8,1.86,179,129,67,645.0,0,24.7,2.8,13.82
32,1,85.3,1.64,178,123,69,1197.0,2,13.2,3.5,31.71
39,1,59.7,1.83,170,154,59,1143.0,3,29.1,2.3,17.83
31,1,70.2,1.98,199,129,61,504.0,0,24.2,2.5,17.91
43,0,72.7,1.8,162,166,50,590.0,2,32.8,2.1,22.44
45,0,50.4,1.79,182,130,59,433.0,2,27.7,2.5,15.73
40,1,81.7,1.74,166,133,58,666.0,0,27.0,2.7,26.99
31,1,49.3,1.62,182,157,52,484.0,3,20.0,3.2,18.79
41,0,61.9,1.64,166,131,68,1138.0,0,19.4,2.7,23.01
19,0,49.1,1.68,193,164,58,1164.0,2,25.3,2.6,17.4
43,1,66.5,1.83,178,136,59,747.0,0,27.1,2.4,19.86
31,1,75.5,1.93,168,135,68,446.0,2,20.5,3.4,20.27
24,1,88.2,1.79,177,154,65,1491.0,1,11.3,3.5,27.53
20,1,74.8,1.75,184,121,73,885.0,0,25.0,3.3,24.42
40,0,72.2,1.6,173,130,67,566.0,0,29.2,1.9,28.2
35,1,62.8,1.63,184,160,63,1241.0,2,21.9,3.7,23.64
55,1,84.7,1.79,178,122,52,719.0,2,23.3,2.4,26.43
52,1,116.5,1.69,198,148,51,388.0,2,27.3,2.4,40.79
32,1,77.4,1.92,174,137,50,1047.0,2,26.7,3.3,21.0
42,0,72.9,1.62,175,139,67,732.0,0,25.7,2.0,27.78
54,0,58.4,1.59,186,166,73,807.0,2,32.5,1.9,23.1
45,0,64.3,1.54,199,133,58,999.0,0,15.3,2.7,27.11
27,1,89.3,1.87,169,153,62,1363.0,3,12.7,3.5,25.54
56,1,90.2,1.61,163,168,51,1148.0,0,22.6,2.3,34.8
34,0,59.0,1.62,178,150,56,847.0,2,30.9,2.4,22.48
56,1,58.7,1.86,187,159,65,858.0,2,22.6,3.3,16.97
39,1,127.5,1.82,180,161,70,1116.0,3,29.8,3.0,38.49
43,0,68.6,1.52,173,137,68,875.0,0,28.1,2.6,29.69
42,0,56.7,1.53,192,149,74,717.0,3,27.4,1.9,24.22
34,0,64.5,1.78,169,144,64,958.0,0,27.8,1.8,20.36
30,0,61.6,1.52,178,138,71,1228.0,2,19.5,2.7,26.66
37,1,75.1,1.82,189,127,60,859.0,0,26.4,3.2,22.67
42,1,79.3,1.93,181,147,50,888.0,2,27.3,3.3,21.29
21,0,72.6,1.68,162,127,70,756.0,2,34.2,1.8,25.72
27,1,76.7,1.7,196,150,56,792.0,1,29.1,2.1,26.54
20,0,44.2,1.61,177,122,69,659.0,1,32.4,2.5,17.05
58,0,56.5,1.7,170,122,57,406.0,0,27.0,2.7,19.55
35,1,100.9,1.63,161,163,59,986.0,2,28.4,3.1,37.98
53,0,55.8,1.55,171,141,54,711.0,3,27.0,1.8,23.23
39,1,58.3,1.93,165,136,58,1010.0,2,27.4,3.7,15.65
51,1,48.6,1.77,199,155,74,1128.0,3,26.9,3.5,15.51
25,1,81.7,1.95,188,136,74,1451.0,0,13.8,3.5,21.49
57,1,85.6,1.69,189,133,50,1159.0,0,12.7,3.5,29.97
36,0,60.0,1.72,161,128,51,1043.0,3,18.2,2.7,20.28
59,1,126.4,1.69,168,149,68,915.0,3,29.5,2.9,44.26
58,0,75.4,1.78,161,140,63,662.0,2,26.0,2.5,23.8
54,0,64.2,1.69,188,131,69,996.0,0,16.5,2.7,22.48
23,0,65.2,1.62,192,156,59,1069.0,2,31.1,2.5,24.84
43,0,70.1,1.66,169,151,58,673.0,3,34.6,2.6,25.44
51,1,102.6,1.77,193,130,59,779.0,1,21.0,3.4,32.75
23,1,107.2,1.93,167,139,55,879.0,1,20.2,3.1,28.78
54,0,56.5,1.75,196,154,66,1220.0,1,15.3,2.7,18.45
50,0,61.6,1.75,192,166,74,911.0,3,25.5,2.2,20.11
39,1,81.7,1.75,165,165,55,1198.0,2,29.1,2.8,26.68
38,0,76.6,1.58,199,130,53,481.0,0,32.2,2.3,30.68
23,1,116.8,1.79,178,127,69,698.0,3,26.8,3.4,36.45
23,0,60.1,1.59,191,123,52,1107.0,1,17.6,2.7,23.77
21,1,93.7,1.73,186,146,72,803.0,2,27.8,3.6,31.31
47,0,41.6,1.58,160,163,68,756.0,0,26.6,2.1,16.66
28,0,55.1,1.79,192,159,67,1582.0,0,17.0,2.7,17.2
47,1,127.1,1.76,199,157,73,552.0,3,24.9,3.0,41.03
48,0,69.1,1.6,191,166,53,1001.0,3,26.1,2.0,26.99
41,0,66.8,1.74,164,149,57,898.0,0,29.2,2.3,22.06
26,1,125.5,1.76,176,163,66,1031.0,0,23.2,3.1,40.52
20,0,71.3,1.58,167,167,54,893.0,1,25.4,1.5,28.56
48,1,129.2,1.61,193,167,62,876.0,0,21.4,2.9,49.84
57,1,96.3,1.86,168,146,74,795.0,3,27.6,2.2,27.84
54,0,67.5,1.54,182,140,50,454.0,2,25.2,1.5,28.46
53,0,64.4,1.55,194,139,62,1107.0,1,19.7,2.7,26.81
41,0,64.9,1.57,166,123,53,576.0,1,25.9,2.4,26.33
48,0,52.3,1.66,174,130,71,433.0,0,33.0,1.8,18.98
23,0,56.7,1.55,179,132,73,911.0,2,34.0,1.9,23.6
19,0,46.8,1.63,184,128,63,864.0,1,34.4,1.6,17.61
37,0,70.3,1.77,162,123,52,621.0,3,33.7,1.7,22.44
45,1,80.8,1.76,183,131,54,1102.0,0,11.4,3.5,26.08
28,0,56.0,1.5,193,128,56,1242.0,3,16.7,2.7,24.89
21,1,101.2,1.84,181,132,50,944.0,0,24.3,3.3,29.89
32,0,56.6,1.57,170,167,72,1378.0,1,15.7,2.7,22.96
23,0,40.9,1.75,167,145,61,594.0,0,25.2,2.1,13.36
47,1,127.8,1.65,198,157,60,598.0,2,28.7,3.5,46.94
55,0,49.3,1.76,194,161,73,927.0,3,30.5,2.0,15.92
19,0,64.3,1.63,197,132,57,1234.0,2,18.0,2.7,24.2
32,1,49.3,1.62,167,158,74,1025.0,3,29.3,2.5,18.79
28,0,63.0,1.62,196,147,55,500.0,3,31.7,1.9,24.01
25,0,41.1,1.67,186,138,71,711.0,0,31.9,2.4,14.74
43,0,40.5,1.74,187,143,51,965.0,1,32.9,2.2,13.38
22,1,71.0,1.62,199,138,68,691.0,1,21.2,3.5,27.05
23,0,60.9,1.62,193,168,69,1336.0,2,16.8,2.7,23.21
43,0,64.7,1.66,191,132,69,1117.0,0,19.8,2.7,23.48
21,0,51.0,1.71,174,132,73,706.0,1,34.2,2.2,17.44
36,0,57.7,1.77,176,147,63,1213.0,3,19.4,2.7,18.42
37,1,76.9,1.82,192,121,50,992.0,3,24.5,2.8,23.22
50,1,80.5,1.77,175,129,59,1181.0,0,14.3,3.5,25.7
37,0,73.3,1.74,188,141,65,726.0,2,25.5,2.4,24.21
29,0,49.0,1.57,168,132,53,878.0,0,26.5,2.6,19.88
18,1,114.5,1.97,192,128,60,725.0,2,24.1,2.6,29.5
43,1,81.0,1.78,188,152,65,1189.0,0,12.4,3.5,25.56
31,0,53.5,1.76,172,133,69,811.0,3,27.6,1.8,17.27
55,1,52.1,1.68,180,167,50,637.0,0,23.6,3.0,18.46
54,0,70.1,1.52,180,139,65,475.0,1,26.6,2.1,30.34
28,1,86.9,1.78,164,134,68,951.0,1,24.9,3.7,27.43
53,1,73.4,1.76,169,151,70,815.0,0,27.9,2.8,23.7
30,1,90.0,1.66,165,152,71,1104.0,2,26.6,2.1,32.66
20,1,85.7,1.92,172,136,58,1287.0,2,10.5,3.5,23.25
50,0,70.4,1.55,160,143,58,470.0,3,29.9,2.7,29.3
23,1,57.7,1.71,179,149,58,942.0,3,27.0,3.4,19.73
27,1,75.7,1.76,167,132,66,494.0,2,25.3,2.3,24.44
22,0,61.8,1.52,169,166,61,1519.0,0,17.0,2.7,26.75
40,1,80.3,1.76,168,167,74,1497.0,3,13.1,3.5,25.92
27,1,104.3,1.68,162,135,62,950.0,2,29.7,3.5,36.95
19,0,65.7,1.58,170,121,57,883.0,2,25.9,1.9,26.32
30,1,120.3,1.96,171,136,65,494.0,0,23.9,2.6,31.32
57,0,51.9,1.57,169,151,67,713.0,1,29.1,2.6,21.06
19,0,59.1,1.57,184,162,50,1336.0,2,17.9,2.7,23.98
37,0,66.9,1.75,184,127,50,876.0,3,26.5,2.1,21.84
18,0,66.9,1.75,170,122,61,573.0,0,26.8,1.7,21.84
54,1,78.7,1.66,195,131,55,921.0,0,22.9,2.6,28.56
26,0,62.4,1.61,198,139,58,1307.0,0,19.8,2.7,24.07
34,1,102.1,1.71,185,135,72,713.0,1,27.3,3.2,34.92
26,1,51.9,2.0,173,133,54,549.0,1,26.6,2.3,12.97
28,1,58.3,2.0,198,135,65,980.0,3,28.2,3.0,14.57
32,1,89.8,1.92,199,168,67,1783.0,3,10.6,3.5,24.36
41,1,101.1,1.83,160,162,66,634.0,0,28.6,3.2,30.19
55,1,118.6,1.72,163,168,67,640.0,3,25.9,2.6,40.09
52,1,84.8,1.85,189,152,50,895.0,2,23.4,3.2,24.78
47,1,80.0,1.77,171,149,68,531.0,1,28.2,3.5,25.54
48,1,73.1,1.83,194,131,71,681.0,0,28.0,2.8,21.83
22,1,117.3,1.68,172,134,57,914.0,0,28.5,2.7,41.56
31,0,77.4,1.71,190,137,52,863.0,2,26.2,1.8,26.47
28,0,72.9,1.67,197,147,74,831.0,2,34.7,2.2,26.14
26,0,71.2,1.5,182,142,54,816.0,2,34.6,2.6,31.64
51,1,88.2,1.62,163,133,72,1027.0,2,11.8,3.5,33.61
29,0,75.6,1.8,175,149,57,976.0,0,25.7,1.9,23.33
52,0,57.9,1.56,166,152,68,1135.0,1,15.8,2.7,23.79
52,0,70.6,1.58,181,164,67,753.0,1,34.9,2.0,28.28
18,1,118.6,1.64,188,134,67,693.0,2,25.6,2.7,44.1
57,1,55.7,1.99,170,126,70,705.0,3,23.6,3.0,14.07
39,1,102.3,1.94,192,134,50,656.0,0,22.9,2.4,27.18
46,1,72.6,1.87,188,161,64,1044.0,1,22.6,3.4,20.76
25,0,63.8,1.68,198,165,67,784.0,2,31.6,1.9,22.6
28,0,67.3,1.67,171,157,74,479.0,3,29.2,2.3,24.13
58,0,59.3,1.58,166,165,56,1463.0,3,19.8,2.7,23.75
54,0,70.7,1.57,198,163,65,836.0,2,31.8,2.1,28.68
31,1,86.9,1.69,185,130,65,1230.0,0,14.0,3.5,30.43
47,1,98.2,1.9,199,148,64,557.0,1,22.9,3.0,27.2
52,1,63.6,1.62,168,150,55,965.0,3,20.8,2.3,24.23
38,0,45.2,1.68,193,144,58,727.0,1,29.9,2.4,16.01
54,1,117.2,1.62,172,143,56,736.0,1,23.1,2.3,44.66
22,1,107.4,1.74,195,138,63,1017.0,3,22.0,2.2,35.47
36,0,59.1,1.78,184,121,60,514.0,2,34.5,2.2,18.65
31,0,53.3,1.64,183,141,70,402.0,3,29.4,2.4,19.82
43,1,46.2,1.63,176,139,65,812.0,3,21.7,2.1,17.39
21,1,67.0,1.61,161,152,74,1104.0,0,22.0,2.1,25.85
42,1,86.3,1.77,172,127,55,1113.0,1,11.4,3.5,27.55
59,1,85.5,1.67,190,144,71,1418.0,2,15.0,3.5,30.66
42,1,70.2,1.87,188,165,65,1127.0,1,22.7,3.4,20.07
35,1,127.1,1.62,187,128,69,718.0,3,23.3,3.4,48.43
57,0,75.6,1.67,186,153,65,723.0,2,31.6,1.8,27.11
25,0,62.6,1.65,174,142,61,852.0,2,27.9,2.2,22.99
56,0,55.7,1.53,190,124,66,1066.0,2,16.1,2.7,23.79
57,1,96.1,1.74,199,144,54,862.0,2,21.6,2.8,31.74
31,0,76.7,1.62,174,127,74,883.0,0,28.1,2.3,29.23
49,1,57.2,1.89,192,135,62,762.0,2,21.1,3.5,16.01
55,1,69.9,1.81,179,167,57,992.0,3,20.2,2.1,21.34
50,0,67.9,1.77,171,164,73,760.0,0,33.0,2.4,21.67
40,1,87.9,1.87,196,134,54,1445.0,3,10.7,3.5,25.14
32,1,102.8,1.98,168,120,61,818.0,3,27.8,2.8,26.22
50,0,51.8,1.5,182,141,58,838.0,1,33.0,2.2,23.02
42,0,57.7,1.57,167,122,52,1005.0,2,17.7,2.7,23.41
34,0,66.5,1.69,191,157,52,636.0,2,28.1,2.3,23.28
50,1,95.4,1.61,173,133,50,764.0,3,21.5,3.6,36.8
19,0,69.2,1.6,186,155,74,907.0,2,32.4,1.6,27.03
31,0,66.6,1.67,184,137,71,699.0,0,31.0,1.5,23.88
57,1,83.4,1.65,172,166,67,1290.0,1,13.3,3.5,30.63
57,0,43.8,1.75,180,160,73,1001.0,2,25.1,1.7,14.3
56,0,64.2,1.69,190,137,61,1227.0,2,19.6,2.7,22.48
23,0,44.1,1.62,196,122,58,354.0,0,25.7,2.7,16.8
23,1,87.3,1.91,164,129,58,1327.0,1,11.8,3.5,23.93
20,1,55.0,1.6,172,168,67,1035.0,0,24.0,3.2,21.48
24,1,87.1,1.74,187,158,67,1364.0,3,10.0,3.5,28.77
25,1,66.6,1.61,184,166,56,1260.0,3,25.0,3.0,25.69
59,0,60.4,1.76,194,120,53,929.0,2,18.8,2.7,19.5
32,1,126.4,1.83,198,146,62,883.0,1,28.2,2.1,37.74
46,1,88.7,1.63,166,146,66,542.0,3,28.8,3.5,33.38
